Function Name,Number of Calls,Elapsed Inclusive Time %,Elapsed Exclusive Time %,Avg Elapsed Inclusive Time,Avg Elapsed Exclusive Time,Module Name,
"Clock.tick","7,907",54.88,54.88,9.37,9.37,"Unidentifiable Method",
"racing-game-fixed.checkCollisionBoxBox","24,400,650",15.53,14.99,0.00,0.00,"racing-game-fixed.py",
"racing-game-fixed.checkCollision","25,548,056",27.44,11.39,0.00,0.00,"racing-game-fixed.py",
"racing-game-fixed.Game.doPhysics","7,907",35.44,5.81,6.05,0.99,"racing-game-fixed.py",
"pygame.Surface.blit","85,019",4.21,4.21,0.07,0.07,"Unidentifiable Method",
"pygame.imageext.load_extended","3,043",1.79,1.79,0.80,0.80,"pygame.imageext",
"pygame.display.flip","7,907",1.10,1.10,0.19,0.19,"pygame.display",
"pygame.event.get","7,907",0.75,0.75,0.13,0.13,"pygame.event",
"pygame.transform.smoothscale","3,043",0.68,0.68,0.30,0.30,"pygame.transform",
"abs","29,332,364",0.54,0.54,0.00,0.00,"builtins",
"racing-game-fixed.checkCollisionBoxInvertedBox","573,703",0.52,0.52,0.00,0.00,"racing-game-fixed.py",
"racing-game-fixed.Car.update","570,621",0.88,0.31,0.00,0.00,"racing-game-fixed.py",
"racing-game-fixed.GUI.blitSurface","589,429",3.92,0.29,0.01,0.00,"racing-game-fixed.py",
"racing-game-fixed.NormalCar.act","562,714",0.56,0.29,0.00,0.00,"racing-game-fixed.py",
"racing-game-fixed.Car.accelerate","570,621",0.28,0.28,0.00,0.00,"racing-game-fixed.py",
"racing-game-fixed.Camera.canSee","589,429",0.27,0.27,0.00,0.00,"racing-game-fixed.py",
"racing-game-fixed.Sprite.display","589,429",4.16,0.24,0.01,0.00,"racing-game-fixed.py",
"pygame.Surface.convert_alpha","3,043",0.19,0.19,0.08,0.08,"Unidentifiable Method",
"pygame.base.quit",1,0.18,0.18,238.18,238.18,"pygame.base",
"racing-game-fixed.Game.removeDead","7,907",0.17,0.16,0.03,0.03,"racing-game-fixed.py",
"racing-game-fixed.Game.draw","7,907",6.35,0.13,1.08,0.02,"racing-game-fixed.py",
"pygame.base.init",2,0.12,0.12,82.31,82.31,"pygame.base",
"racing-game-fixed.Game.update","7,907",1.08,0.11,0.18,0.02,"racing-game-fixed.py",
"racing-game-fixed.Game.loop",1,99.40,0.09,"134,212.79",117.47,"racing-game-fixed.py",
"racing-game-fixed.NormalCar.hit","362,087",2.17,0.08,0.01,0.00,"racing-game-fixed.py",
"pygame.Surface.get_rect","589,429",0.06,0.06,0.00,0.00,"Unidentifiable Method",
" (module)",1,0.16,0.03,218.26,44.63,"__init__.py",
"pygame (module)",1,0.07,0.03,98.13,37.50,"__init__.py",
"racing-game-fixed.Road.update","7,907",0.03,0.03,0.00,0.00,"racing-game-fixed.py",
"racing-game-fixed.Camera.applyOffset","77,112",0.02,0.02,0.00,0.00,"racing-game-fixed.py",
"print",191,0.02,0.02,0.16,0.15,"builtins",
"racing-game-fixed.Game.addChallenge","7,907",0.65,0.02,0.11,0.00,"racing-game-fixed.py",
"pygame.key.get_pressed","7,907",0.02,0.02,0.00,0.00,"pygame.key",
"racing-game-fixed.Game.processPlayer","7,907",0.04,0.02,0.01,0.00,"racing-game-fixed.py",
"__build_class__",233,0.04,0.02,0.23,0.10,"builtins",
"len","614,719",0.02,0.02,0.00,0.00,"builtins",
"racing-game-fixed.AnimatedTexture.__init__",274,1.99,0.02,9.79,0.08,"racing-game-fixed.py",
"pygame.pkgdata (module)",1,0.18,0.01,242.67,20.10,"pkgdata.py",
"shutil (module)",1,0.03,0.01,37.71,19.04,"shutil.py",
"racing-game-fixed.Road.display","7,907",2.73,0.01,0.47,0.00,"racing-game-fixed.py",
"racing-game-fixed.GUI.beginDraw","7,907",0.93,0.01,0.16,0.00,"racing-game-fixed.py",
"racing-game-fixed.Camera.update","7,907",0.01,0.01,0.00,0.00,"racing-game-fixed.py",
"time.time","11,538",0.01,0.01,0.00,0.00,"time",
"sre_compile._optimize_unicode",3,0.01,0.01,5.41,4.87,"sre_compile.py",
"racing-game-fixed.GUI.endDraw","7,907",1.11,0.01,0.19,0.00,"racing-game-fixed.py",
"email.utils (module)",1,0.02,0.01,30.38,13.29,"utils.py",
"racing-game-fixed (module)",1,100.00,0.01,"135,021.93",12.00,"racing-game-fixed.py",
"pickle (module)",1,0.01,0.01,12.70,11.34,"pickle.py",
"exec",5,0.01,0.01,2.40,2.02,"builtins",
"multiprocessing (module)",1,0.02,0.01,30.92,9.23,"__init__.py",
"email.message (module)",1,0.05,0.01,62.01,8.85,"message.py",
"pygame.display.set_mode",1,0.19,0.01,251.11,7.87,"pygame.display",
"pygame.threads (module)",1,0.03,0.01,39.48,7.83,"__init__.py",
"tarfile (module)",1,0.01,0.01,13.64,7.75,"tarfile.py",
"racing-game-fixed.Car.slow","10,452",0.01,0.01,0.00,0.00,"racing-game-fixed.py",
"racing-game-fixed.Car.act","7,907",0.01,0.01,0.00,0.00,"racing-game-fixed.py",
"sre_parse.__next","7,705",0.01,0.01,0.00,0.00,"sre_parse.py",
"racing-game-fixed.AnimatedTexture.update","3,171",0.01,0.00,0.00,0.00,"racing-game-fixed.py",
"sre_parse._parse",321,0.01,0.00,0.07,0.02,"sre_parse.py",
"pygame.surfarray (module)",1,0.01,0.00,9.70,5.08,"surfarray.py",
"racing-game-fixed.AnimatedTexture.scaleTo",274,0.69,0.00,3.39,0.02,"racing-game-fixed.py",
"pygame.compat.get_BytesIO",1,0.00,0.00,4.32,4.32,"compat.py",
"pygame._numpysurfarray (module)",1,0.00,0.00,4.29,4.29,"_numpysurfarray.py",
"tempfile (module)",1,0.00,0.00,4.70,4.25,"tempfile.py",
"pygame._numpysndarray (module)",1,0.00,0.00,4.16,4.16,"_numpysndarray.py",
"zipfile (module)",1,0.03,0.00,43.52,4.13,"zipfile.py",
"copy (module)",1,0.00,0.00,4.28,4.12,"copy.py",
"multiprocessing.util (module)",1,0.00,0.00,6.29,4.07,"util.py",
"plistlib (module)",1,0.01,0.00,6.97,4.00,"plistlib.py",
"fnmatch (module)",1,0.00,0.00,4.66,3.86,"fnmatch.py",
"hashlib (module)",1,0.00,0.00,3.86,3.83,"hashlib.py",
"socket (module)",1,0.00,0.00,4.15,3.78,"socket.py",
"email._parseaddr (module)",1,0.00,0.00,5.04,3.70,"_parseaddr.py",
"platform (module)",1,0.01,0.00,7.18,3.55,"platform.py",
"random (module)",1,0.01,0.00,7.60,3.48,"random.py",
"racing-game-fixed.AnimatedTexture.advanceFrame","2,654",0.00,0.00,0.00,0.00,"racing-game-fixed.py",
"sre_compile._optimize_charset",204,0.01,0.00,0.10,0.02,"sre_compile.py",
"racing-game-fixed.Explosion.update","3,171",0.01,0.00,0.00,0.00,"racing-game-fixed.py",
"racing-game-fixed.Game.addNormalCar",185,0.62,0.00,4.49,0.01,"racing-game-fixed.py",
"racing-game-fixed.Sprite.update","15,814",0.00,0.00,0.00,0.00,"racing-game-fixed.py",
"racing-game-fixed.PlayerCar.hit","2,699",0.00,0.00,0.00,0.00,"racing-game-fixed.py",
"isinstance","11,977",0.00,0.00,0.00,0.00,"builtins",
"email.header (module)",1,0.00,0.00,4.41,2.27,"header.py",
"racing-game-fixed.PlayerCar.goStraight","6,657",0.00,0.00,0.00,0.00,"racing-game-fixed.py",
"sre_compile._compile",594,0.02,0.00,0.04,0.00,"sre_compile.py",
"racing-game-fixed.NormalCar.__init__",185,0.59,0.00,4.30,0.01,"racing-game-fixed.py",
"sre_parse.Tokenizer.get","7,044",0.01,0.00,0.00,0.00,"sre_parse.py",
"racing-game-fixed.Sprite.__init__",277,0.69,0.00,3.36,0.01,"racing-game-fixed.py",
"racing-game-fixed.GameObject.hit","18,774",0.00,0.00,0.00,0.00,"racing-game-fixed.py",
"list.append","13,732",0.00,0.00,0.00,0.00,"Unidentifiable Method",
"email.feedparser (module)",1,0.05,0.00,66.13,1.61,"feedparser.py",
"dict.setdefault",798,0.00,0.00,0.00,0.00,"Unidentifiable Method",
"sre_parse.SubPattern.getwidth",825,0.00,0.00,0.00,0.00,"sre_parse.py",
"nt._isdir",16,0.00,0.00,0.09,0.09,"nt",
"nt.listdir",10,0.00,0.00,0.13,0.13,"nt",
"pygame.sprite (module)",1,0.00,0.00,2.70,1.26,"sprite.py",
"genericpath._splitext",282,0.00,0.00,0.01,0.00,"genericpath.py",
"racing-game-fixed.Game.init",1,0.33,0.00,448.72,1.12,"racing-game-fixed.py",
"random.Random._randbelow",370,0.00,0.00,0.01,0.00,"random.py",
"pygame.sndarray (module)",1,0.00,0.00,5.19,1.03,"sndarray.py",
"racing-game-fixed.Game.__init__",1,99.91,0.00,"134,900.72",1.03,"racing-game-fixed.py",
"nt.urandom",2,0.00,0.00,0.50,0.50,"nt",
"nt.access",10,0.00,0.00,0.10,0.10,"nt",
"racing-game-fixed.GUI.__init__",1,0.19,0.00,253.00,0.96,"racing-game-fixed.py",
"racing-game-fixed.GameObject.explode",89,2.09,0.00,31.70,0.01,"racing-game-fixed.py",
"racing-game-fixed.AnimatedTexture.start",274,0.00,0.00,0.00,0.00,"racing-game-fixed.py",
"ntpath.splitext",282,0.00,0.00,0.01,0.00,"ntpath.py",
"racing-game-fixed.Car.__init__",186,0.02,0.00,0.14,0.00,"racing-game-fixed.py",
"racing-game-fixed.Road.__init__",1,0.02,0.00,26.84,0.86,"racing-game-fixed.py",
"random.Random.choice",185,0.00,0.00,0.01,0.00,"random.py",
"_codecs.charmap_encode",382,0.00,0.00,0.00,0.00,"_codecs",
"email.parser (module)",1,0.05,0.00,67.26,0.79,"parser.py",
"sre_parse.SubPattern.__getitem__","2,458",0.00,0.00,0.00,0.00,"sre_parse.py",
"pygame.Surface.convert",1,0.00,0.00,0.71,0.71,"Unidentifiable Method",
"zipfile.ZipFile._RealGetContents",1,0.00,0.00,1.63,0.71,"zipfile.py",
"Random.getrandbits",671,0.00,0.00,0.00,0.00,"Unidentifiable Method",
"racing-game-fixed.GameObject.__init__",275,0.69,0.00,3.38,0.00,"racing-game-fixed.py",
"email.message.Message",1,0.00,0.00,0.69,0.67,"message.py",
"sre_parse._parse_sub",229,0.01,0.00,0.09,0.00,"sre_parse.py",
"encodings.cp850.IncrementalEncoder.encode",382,0.00,0.00,0.00,0.00,"cp850.py",
"version (module)",1,0.00,0.00,5.60,0.64,"version.py",
"sre_compile._mk_bitmap",20,0.00,0.00,0.03,0.03,"sre_compile.py",
"urllib.parse.<dictcomp>",1,0.00,0.00,0.65,0.60,"parse.py",
"version.Version.__init__",6,0.00,0.00,0.13,0.10,"version.py",
"MemoizedZipManifests.load",4,0.00,0.00,0.81,0.13,"__init__.py",
"re._compile",151,0.03,0.00,0.31,0.00,"re.py",
"zipfile._GenerateCRCTable",1,0.00,0.00,0.53,0.53,"zipfile.py",
"sre_compile._compile_charset",204,0.02,0.00,0.10,0.00,"sre_compile.py",
"datetime (module)",1,0.00,0.00,1.48,0.49,"datetime.py",
"str.rfind",846,0.00,0.00,0.00,0.00,"Unidentifiable Method",
"specifiers (module)",1,0.01,0.00,13.03,0.44,"specifiers.py",
" (module)",1,0.00,0.00,0.43,0.42,"__init__.py",
"nt.stat",5,0.00,0.00,0.08,0.08,"nt",
"racing-game-fixed.Explosion.__init__",89,2.09,0.00,31.69,0.00,"racing-game-fixed.py",
"random.Random.randrange",185,0.00,0.00,0.00,0.00,"random.py",
"sre_parse.parse",54,0.01,0.00,0.37,0.01,"sre_parse.py",
"sre_parse.Tokenizer.match","1,750",0.00,0.00,0.00,0.00,"sre_parse.py",
"ntpath._get_sep",416,0.00,0.00,0.00,0.00,"ntpath.py",
"racing-game-fixed.PlayerCar.goRight",628,0.00,0.00,0.00,0.00,"racing-game-fixed.py",
"list.remove",295,0.00,0.00,0.00,0.00,"Unidentifiable Method",
".find_on_path",16,0.00,0.00,0.30,0.02,"__init__.py",
"racing-game-fixed.PlayerCar.goLeft",622,0.00,0.00,0.00,0.00,"racing-game-fixed.py",
"max",408,0.00,0.00,0.00,0.00,"builtins",
"ntpath.normpath",15,0.00,0.00,0.04,0.02,"ntpath.py",
"sre_compile.compile",54,0.03,0.00,0.85,0.01,"sre_compile.py",
"urllib.parse (module)",1,0.00,0.00,6.55,0.31,"parse.py",
"racing-game-fixed.PlayerCar.__init__",1,0.00,0.00,3.15,0.29,"racing-game-fixed.py",
"multiprocessing.process (module)",1,0.00,0.00,2.23,0.29,"process.py",
"sre_compile._compile_info",54,0.00,0.00,0.04,0.01,"sre_compile.py",
"sre_parse.SubPattern.__init__",594,0.00,0.00,0.00,0.00,"sre_parse.py",
"bytes.decode",120,0.00,0.00,0.00,0.00,"Unidentifiable Method",
"sre_compile._simple",237,0.00,0.00,0.00,0.00,"sre_compile.py",
"ntpath.splitdrive",48,0.00,0.00,0.01,0.00,"ntpath.py",
".build",1,0.00,0.00,2.29,0.22,"__init__.py",
"str.join",174,0.00,0.00,0.00,0.00,"Unidentifiable Method",
"subprocess (module)",1,0.00,0.00,0.71,0.20,"subprocess.py",
"threading.Thread.__init__",1,0.00,0.00,0.35,0.19,"threading.py",
"calendar (module)",1,0.00,0.00,1.08,0.19,"calendar.py",
"zipfile.ZipInfo.__init__",120,0.00,0.00,0.00,0.00,"zipfile.py",
"sre_parse.isname",45,0.00,0.00,0.01,0.00,"sre_parse.py",
"email.quoprimime (module)",1,0.00,0.00,0.44,0.18,"quoprimime.py",
"sre_compile._code",54,0.02,0.00,0.48,0.00,"sre_compile.py",
"sre_parse.SubPattern.append",868,0.00,0.00,0.00,0.00,"sre_parse.py",
"type.__new__",33,0.00,0.00,0.01,0.01,"Unidentifiable Method",
"_io.BufferedReader.read",3,0.00,0.00,0.06,0.06,"Unidentifiable Method",
"_weakrefset.WeakSet.__iter__",8,0.00,0.00,0.03,0.02,"_weakrefset.py",
"threading (module)",1,0.00,0.00,1.80,0.16,"threading.py",
"sre_parse._class_escape",117,0.00,0.00,0.00,0.00,"sre_parse.py",
"collections.namedtuple",5,0.01,0.00,2.52,0.03,"collections.py",
"io.open",2,0.00,0.00,0.08,0.08,"io",
"min","1,304",0.00,0.00,0.00,0.00,"builtins",
"_compat_pickle (module)",1,0.00,0.00,0.16,0.15,"_compat_pickle.py",
"threading._MainThread.__init__",1,0.00,0.00,0.70,0.15,"threading.py",
"functools.decorating_function",1,0.00,0.00,0.77,0.15,"functools.py",
"ZipProvider._index",1,0.00,0.00,0.35,0.14,"__init__.py",
".from_location",8,0.00,0.00,0.20,0.02,"__init__.py",
"ntpath.split",20,0.00,0.00,0.01,0.01,"ntpath.py",
"sre_parse.SubPattern.__len__",886,0.00,0.00,0.00,0.00,"sre_parse.py",
"base64 (module)",1,0.00,0.00,0.16,0.13,"base64.py",
"pkgutil (module)",1,0.00,0.00,0.30,0.13,"pkgutil.py",
"ntpath._get_dot",340,0.00,0.00,0.00,0.00,"ntpath.py",
"abc.__subclasscheck__",7,0.00,0.00,0.38,0.02,"abc.py",
"EggProvider._setup_prefix",4,0.00,0.00,0.10,0.03,"__init__.py",
".find_distributions",14,0.00,0.00,0.02,0.01,"__init__.py",
"WorkingSet.add_entry",14,0.01,0.00,0.73,0.01,"__init__.py",
"str.format",47,0.00,0.00,0.00,0.00,"Unidentifiable Method",
"abc.__new__",7,0.00,0.00,0.05,0.02,"abc.py",
"ntpath._get_altsep",355,0.00,0.00,0.00,0.00,"ntpath.py",
"_sre.compile",54,0.00,0.00,0.00,0.00,"_sre",
"str.endswith",998,0.00,0.00,0.00,0.00,"Unidentifiable Method",
"dir",4,0.00,0.00,0.03,0.03,"builtins",
"pygame.Surface.fill",1,0.00,0.00,0.12,0.12,"Unidentifiable Method",
"string.__init__",1,0.00,0.00,2.64,0.11,"string.py",
"nt.getcwd",1,0.00,0.00,0.11,0.11,"nt",
"racing-game-fixed.Texture.__init__",3,0.02,0.00,8.80,0.04,"racing-game-fixed.py",
"str.lower",600,0.00,0.00,0.00,0.00,"Unidentifiable Method",
"pygame.sysfont (module)",1,0.00,0.00,0.10,0.10,"sysfont.py",
".find_eggs_in_zip",4,0.00,0.00,1.25,0.03,"__init__.py",
"version._cmpkey",6,0.00,0.00,0.02,0.02,"version.py",
"sre_parse._escape",128,0.00,0.00,0.00,0.00,"sre_parse.py",
"email.quoprimime.<genexpr>",257,0.00,0.00,0.00,0.00,"quoprimime.py",
"Distribution.__init__",8,0.00,0.00,0.17,0.01,"__init__.py",
"sre_parse.Tokenizer.__init__",54,0.00,0.00,0.00,0.00,"sre_parse.py",
"._initialize_master_working_set",1,0.01,0.00,11.37,0.09,"__init__.py",
"Distribution.insert_on",4,0.00,0.00,0.06,0.02,"__init__.py",
"datetime.timedelta",1,0.00,0.00,0.09,0.09,"datetime.py",
".<genexpr>",121,0.00,0.00,0.00,0.00,"__init__.py",
"getattr",221,0.00,0.00,0.00,0.00,"builtins",
"threading._Condition.notify",1,0.00,0.00,0.09,0.09,"threading.py",
"abc.__instancecheck__",1,0.00,0.00,0.48,0.09,"abc.py",
"datetime.__new__",2,0.00,0.00,0.05,0.04,"datetime.py",
".get_build_platform",1,0.00,0.00,0.10,0.09,"__init__.py",
"warnings (module)",1,0.00,0.00,0.33,0.08,"warnings.py",
"pickle.<listcomp>",1,0.00,0.00,0.51,0.08,"pickle.py",
"_sre.getlower",560,0.00,0.00,0.00,0.00,"_sre",
"specifiers.Specifier",1,0.01,0.00,10.80,0.08,"specifiers.py",
"_sre.SRE_Pattern.match",99,0.00,0.00,0.00,0.00,"Unidentifiable Method",
"datetime.__new__",9,0.00,0.00,0.01,0.01,"datetime.py",
"sre_parse.Pattern.opengroup",118,0.00,0.00,0.00,0.00,"sre_parse.py",
"ntpath.join",13,0.00,0.00,0.01,0.01,"ntpath.py",
"types (module)",1,0.00,0.00,0.15,0.07,"types.py",
"ZipProvider._has",3,0.00,0.00,1.19,0.02,"__init__.py",
".safe_version",6,0.00,0.00,0.16,0.01,"__init__.py",
"Distribution.activate",4,0.00,0.00,0.22,0.02,"__init__.py",
"datetime._check_date_fields",4,0.00,0.00,0.02,0.02,"datetime.py",
"specifiers.BaseSpecifier",1,0.00,0.00,0.07,0.07,"specifiers.py",
"pkgutil.get_importer",14,0.00,0.00,0.01,0.00,"pkgutil.py",
"re.compile",53,0.03,0.00,0.87,0.00,"re.py",
"all",26,0.00,0.00,0.00,0.00,"builtins",
"collections.OrderedDict.__init__",1,0.00,0.00,0.59,0.07,"collections.py",
"int.bit_length",370,0.00,0.00,0.00,0.00,"Unidentifiable Method",
"__future__ (module)",1,0.00,0.00,0.15,0.06,"__future__.py",
"zipfile.ZipFile.__init__",1,0.00,0.00,1.77,0.06,"zipfile.py",
"str.split",150,0.00,0.00,0.00,0.00,"Unidentifiable Method",
"ntpath.abspath",11,0.00,0.00,0.06,0.01,"ntpath.py",
"WorkingSet.add",8,0.00,0.00,0.02,0.01,"__init__.py",
"zipfile._EndRecData",1,0.00,0.00,0.13,0.06,"zipfile.py",
"os._get_exports_list",1,0.00,0.00,0.12,0.06,"os.py",
"_codecs.charmap_decode",120,0.00,0.00,0.00,0.00,"_codecs",
"calendar._localized_day",1,0.00,0.00,0.07,0.06,"calendar.py",
"symbol (module)",1,0.00,0.00,0.06,0.06,"symbol.py",
"pygame.pkgdata.getResource",1,0.00,0.00,0.57,0.06,"pkgdata.py",
"datetime.timezone",1,0.00,0.00,0.09,0.06,"datetime.py",
"pygame.display.set_caption",1,0.00,0.00,0.06,0.06,"pygame.display",
"dict.get",617,0.00,0.00,0.00,0.00,"Unidentifiable Method",
"_abcoll.__contains__",1,0.00,0.00,0.15,0.05,"_abcoll.py",
"_compat.with_metaclass",1,0.00,0.00,0.11,0.05,"_compat.py",
".__new__",1,0.00,0.00,1.82,0.05,"__init__.py",
"ntpath.normcase",58,0.00,0.00,0.00,0.00,"ntpath.py",
"DefaultProvider._has",1,0.00,0.00,0.13,0.05,"__init__.py",
"sre_compile.fixup",334,0.00,0.00,0.00,0.00,"sre_compile.py",
"calendar._localized_month",1,0.00,0.00,0.07,0.05,"calendar.py",
".safe_name",8,0.00,0.00,0.03,0.01,"__init__.py",
"Distribution._get_metadata",4,0.00,0.00,0.14,0.01,"__init__.py",
"copyreg.pickle",3,0.00,0.00,0.02,0.02,"copyreg.py",
"weakref.__init__",1,0.00,0.00,0.05,0.05,"weakref.py",
"threading._Event.set",1,0.00,0.00,0.19,0.05,"threading.py",
"str.encode",488,0.00,0.00,0.00,0.00,"Unidentifiable Method",
"_weakrefset._IterationGuard.__exit__",7,0.00,0.00,0.01,0.01,"_weakrefset.py",
"str.replace",203,0.00,0.00,0.00,0.00,"Unidentifiable Method",
"sre_parse.fix_flags",54,0.00,0.00,0.00,0.00,"sre_parse.py",
"random.Random.__init__",1,0.00,0.00,0.08,0.05,"random.py",
"ResourceManager.resource_exists",1,0.00,0.00,0.33,0.05,"__init__.py",
".key",28,0.00,0.00,0.00,0.00,"__init__.py",
"datetime.__new__",4,0.00,0.00,0.03,0.01,"datetime.py",
"NullProvider.has_metadata",3,0.00,0.00,1.22,0.02,"__init__.py",
"calendar.Calendar.__init__",1,0.00,0.00,0.05,0.05,"calendar.py",
"ntpath.basename",4,0.00,0.00,0.04,0.01,"ntpath.py",
"os.__getitem__",1,0.00,0.00,0.09,0.05,"os.py",
"._call_aside",2,0.01,0.00,5.74,0.02,"__init__.py",
"threading._Event.__init__",1,0.00,0.00,0.10,0.05,"threading.py",
"zipfile._ZipDecrypter",1,0.00,0.00,0.57,0.05,"zipfile.py",
"threading.Condition",2,0.00,0.00,0.03,0.02,"threading.py",
"threading._Condition.notify_all",1,0.00,0.00,0.14,0.04,"threading.py",
"WorkingSet.subscribe",1,0.00,0.00,0.95,0.04,"__init__.py",
"threading.Event",1,0.00,0.00,0.15,0.04,"threading.py",
"_weakrefset.WeakSet.__init__",26,0.00,0.00,0.00,0.00,"_weakrefset.py",
"os.encodekey",1,0.00,0.00,0.05,0.04,"os.py",
"zipfile.ZipFile.__exit__",1,0.00,0.00,0.07,0.04,"zipfile.py",
"sre_parse.SubPattern.__setitem__",237,0.00,0.00,0.00,0.00,"sre_parse.py",
"._normalize_cached",44,0.00,0.00,0.01,0.00,"__init__.py",
"._build_master",1,0.01,0.00,7.84,0.04,"__init__.py",
"_struct.unpack",122,0.00,0.00,0.00,0.00,"_struct",
"sre_parse.Pattern.__init__",54,0.00,0.00,0.00,0.00,"sre_parse.py",
"sre_parse.isident",246,0.00,0.00,0.00,0.00,"sre_parse.py",
"collections.<genexpr>",195,0.00,0.00,0.00,0.00,"collections.py",
"sre_compile.isstring",108,0.00,0.00,0.00,0.00,"sre_compile.py",
"._find_adapter",16,0.00,0.00,0.00,0.00,"__init__.py",
"_io.BytesIO.read",480,0.00,0.00,0.00,0.00,"Unidentifiable Method",
"_sre.SRE_Pattern.search",6,0.00,0.00,0.01,0.01,"Unidentifiable Method",
".Environment",1,0.00,0.00,0.16,0.03,"__init__.py",
"chr",324,0.00,0.00,0.00,0.00,"builtins",
"WorkingSet.__init__",1,0.01,0.00,7.80,0.03,"__init__.py",
"sre_parse.Pattern.closegroup",118,0.00,0.00,0.00,0.00,"sre_parse.py",
"pickle._Unpickler",1,0.00,0.00,0.03,0.03,"pickle.py",
"._initialize",1,0.00,0.00,0.07,0.03,"__init__.py",
"ord",729,0.00,0.00,0.00,0.00,"builtins",
"encodings.cp437.Codec.decode",120,0.00,0.00,0.00,0.00,"cp437.py",
"str.startswith",105,0.00,0.00,0.00,0.00,"Unidentifiable Method",
".get_provider",2,0.00,0.00,0.09,0.01,"__init__.py",
".get_supported_platform",1,0.00,0.00,0.13,0.03,"__init__.py",
".from_filename",2,0.00,0.00,0.68,0.01,"__init__.py",
"EggMetadata.__init__",2,0.00,0.00,0.18,0.01,"__init__.py",
"ResourceManager.resource_stream",1,0.00,0.00,0.18,0.03,"__init__.py",
"version.<genexpr>",24,0.00,0.00,0.00,0.00,"version.py",
"zipfile.ZipInfo._decodeExtra",120,0.00,0.00,0.00,0.00,"zipfile.py",
"pygame.colordict (module)",1,0.00,0.00,0.03,0.03,"colordict.py",
"re.match",90,0.00,0.00,0.00,0.00,"re.py",
"_sre.SRE_Pattern.sub",8,0.00,0.00,0.00,0.00,"Unidentifiable Method",
"pygame.MissingModule.__init__",3,0.00,0.00,0.01,0.01,"__init__.py",
"string (module)",1,0.00,0.00,3.02,0.03,"string.py",
".zipinfo",4,0.00,0.00,0.81,0.01,"__init__.py",
"NullProvider.has_resource",1,0.00,0.00,0.17,0.02,"__init__.py",
"os.<listcomp>",1,0.00,0.00,0.02,0.02,"os.py",
"_thread.allocate_lock",5,0.00,0.00,0.00,0.00,"_thread",
"EggProvider.__init__",2,0.00,0.00,0.07,0.01,"__init__.py",
"zipfile.ZipFile.getinfo",120,0.00,0.00,0.00,0.00,"zipfile.py",
"round",9,0.00,0.00,0.00,0.00,"builtins",
"posixpath (module)",1,0.00,0.00,0.02,0.02,"posixpath.py",
"_io.BufferedReader.seek",4,0.00,0.00,0.01,0.01,"Unidentifiable Method",
"email.charset (module)",1,0.00,0.00,0.15,0.02,"charset.py",
"racing-game-fixed.Lane.__init__",5,0.00,0.00,0.04,0.00,"racing-game-fixed.py",
".<lambda>",4,0.00,0.00,0.22,0.01,"__init__.py",
"tarfile.TarInfo",1,0.00,0.00,0.02,0.02,"tarfile.py",
"functools.update_wrapper",8,0.00,0.00,0.00,0.00,"functools.py",
"_io.BufferedReader.close",1,0.00,0.00,0.02,0.02,"Unidentifiable Method",
"_sre.SRE_Match.group",68,0.00,0.00,0.00,0.00,"Unidentifiable Method",
"str.find",122,0.00,0.00,0.00,0.00,"Unidentifiable Method",
"repr",5,0.00,0.00,0.00,0.00,"builtins",
"abc.<setcomp>",7,0.00,0.00,0.01,0.00,"abc.py",
"zipfile.ZipExtFile",1,0.00,0.00,0.40,0.02,"zipfile.py",
"version.Version.__str__",6,0.00,0.00,0.02,0.00,"version.py",
"list.extend",28,0.00,0.00,0.00,0.00,"Unidentifiable Method",
"tarfile.TarFile",1,0.00,0.00,0.02,0.02,"tarfile.py",
"pygame.compat (module)",1,0.00,0.00,0.03,0.02,"compat.py",
"queue (module)",1,0.00,0.00,0.38,0.02,"queue.py",
"pickle._Pickler",1,0.00,0.00,0.02,0.02,"pickle.py",
"sre_compile._identityfunction",333,0.00,0.00,0.00,0.00,"sre_compile.py",
"eval",1,0.00,0.00,0.02,0.02,"builtins",
"multiprocessing.process._MainProcess.__init__",1,0.00,0.00,1.01,0.02,"process.py",
"<string> (module)",1,0.00,0.00,0.41,0.02,"(string)",
"zipfile.ZipFile.namelist",1,0.00,0.00,0.02,0.02,"zipfile.py",
"racing-game-fixed.Texture.scaleTo",3,0.00,0.00,0.47,0.01,"racing-game-fixed.py",
"tempfile._RandomNameSequence",1,0.00,0.00,0.01,0.01,"tempfile.py",
"hashlib.__get_openssl_constructor",6,0.00,0.00,0.00,0.00,"hashlib.py",
"email.errors (module)",1,0.00,0.00,1.46,0.01,"errors.py",
"calendar.<listcomp>",1,0.00,0.00,0.01,0.01,"calendar.py",
"ntpath.isabs",13,0.00,0.00,0.01,0.00,"ntpath.py",
"list.pop",15,0.00,0.00,0.00,0.00,"Unidentifiable Method",
"nt._getfullpathname",11,0.00,0.00,0.00,0.00,"nt",
"<string>._Version",1,0.00,0.00,0.01,0.01,"(string)",
"<string> (module)",1,0.00,0.00,0.38,0.01,"(string)",
"zipfile.ZipFile",1,0.00,0.00,0.01,0.01,"zipfile.py",
".normalize_path",10,0.00,0.00,0.02,0.00,"__init__.py",
"_weakrefset.WeakSet.add",8,0.00,0.00,0.00,0.00,"_weakrefset.py",
"<string> (module)",1,0.00,0.00,0.39,0.01,"(string)",
"quopri (module)",1,0.00,0.00,0.01,0.01,"quopri.py",
"<string> (module)",1,0.00,0.00,0.36,0.01,"(string)",
"datetime.datetime",1,0.00,0.00,0.01,0.01,"datetime.py",
"<string>.ParseResult",1,0.00,0.00,0.01,0.01,"(string)",
"threading._Condition.__init__",2,0.00,0.00,0.01,0.01,"threading.py",
"list.index",4,0.00,0.00,0.00,0.00,"Unidentifiable Method",
"<string> (module)",1,0.00,0.00,0.35,0.01,"(string)",
"multiprocessing.process.Process",1,0.00,0.00,0.01,0.01,"process.py",
"tempfile.SpooledTemporaryFile",1,0.00,0.00,0.01,0.01,"tempfile.py",
"textwrap.TextWrapper",1,0.00,0.00,0.75,0.01,"textwrap.py",
"ntpath._get_empty",48,0.00,0.00,0.00,0.00,"ntpath.py",
"collections.<genexpr>",26,0.00,0.00,0.00,0.00,"collections.py",
".Distribution",1,0.00,0.00,0.01,0.01,"__init__.py",
"re.escape",1,0.00,0.00,0.01,0.01,"re.py",
"<string>.manifest_mod",1,0.00,0.00,0.01,0.01,"(string)",
"Distribution.__getattr__",12,0.00,0.00,0.00,0.00,"__init__.py",
"<string>.SplitResult",1,0.00,0.00,0.01,0.01,"(string)",
"email.base64mime (module)",1,0.00,0.00,0.01,0.01,"base64mime.py",
"email.iterators (module)",1,0.00,0.00,0.01,0.01,"iterators.py",
"uu (module)",1,0.00,0.00,0.09,0.01,"uu.py",
"textwrap (module)",1,0.00,0.00,1.11,0.01,"textwrap.py",
"threading.Thread",1,0.00,0.00,0.01,0.01,"threading.py",
"collections.<genexpr>",26,0.00,0.00,0.00,0.00,"collections.py",
"sysconfig.get_platform",1,0.00,0.00,0.01,0.01,"sysconfig.py",
"Random.seed",1,0.00,0.00,0.01,0.01,"Unidentifiable Method",
"datetime.date",1,0.00,0.00,0.01,0.01,"datetime.py",
"ntpath._get_colon",61,0.00,0.00,0.00,0.00,"ntpath.py",
"email.encoders (module)",1,0.00,0.00,0.01,0.01,"encoders.py",
"version.<genexpr>",24,0.00,0.00,0.00,0.00,"version.py",
"racing-game-fixed.GUI.setCaption",1,0.00,0.00,0.07,0.01,"racing-game-fixed.py",
".MarkerEvaluation",1,0.00,0.00,0.01,0.01,"__init__.py",
"email.charset.Charset.__init__",2,0.00,0.00,0.01,0.00,"charset.py",
"._get_mro",16,0.00,0.00,0.00,0.00,"__init__.py",
"ntpath._get_bothseps",46,0.00,0.00,0.00,0.00,"ntpath.py",
"version.Version",1,0.00,0.00,3.04,0.01,"version.py",
"str.isalnum",169,0.00,0.00,0.00,0.00,"Unidentifiable Method",
"tempfile.TemporaryDirectory",1,0.00,0.00,0.01,0.01,"tempfile.py",
"<string>.DefragResult",1,0.00,0.00,0.01,0.01,"(string)",
"random.Random.seed",1,0.00,0.00,0.03,0.01,"random.py",
"datetime.time",1,0.00,0.00,0.01,0.01,"datetime.py",
"specifiers._require_version_compare",7,0.00,0.00,0.01,0.00,"specifiers.py",
"_compat (module)",1,0.00,0.00,0.01,0.01,"_compat.py",
".fixup_namespace_packages",4,0.00,0.00,0.00,0.00,"__init__.py",
"dict.update",17,0.00,0.00,0.00,0.00,"Unidentifiable Method",
"_structures (module)",1,0.00,0.00,0.11,0.01,"_structures.py",
"threading.Barrier",1,0.00,0.00,0.01,0.01,"threading.py",
"property.setter",9,0.00,0.00,0.00,0.00,"Unidentifiable Method",
"__about__ (module)",1,0.00,0.00,0.01,0.01,"__about__.py",
"warnings.filterwarnings",1,0.00,0.00,0.06,0.01,"warnings.py",
"NullProvider._fn",5,0.00,0.00,0.01,0.00,"__init__.py",
"racing-game-fixed.Game.quit",1,0.18,0.00,238.19,0.01,"racing-game-fixed.py",
"dict.items",68,0.00,0.00,0.00,0.00,"Unidentifiable Method",
"_struct.calcsize",5,0.00,0.00,0.00,0.00,"_struct",
".<listcomp>",4,0.00,0.00,0.01,0.00,"__init__.py",
"random.Random",1,0.00,0.00,0.01,0.01,"random.py",
"_compat_pickle.<genexpr>",52,0.00,0.00,0.00,0.00,"_compat_pickle.py",
"functools.wraps",8,0.00,0.00,0.00,0.00,"functools.py",
"hasattr",9,0.00,0.00,0.00,0.00,"builtins",
"re.sub",8,0.00,0.00,0.03,0.00,"re.py",
"sorted",1,0.00,0.00,0.01,0.01,"builtins",
"_weakrefset.WeakSet.__contains__",12,0.00,0.00,0.00,0.00,"_weakrefset.py",
"WorkingSet.__iter__",5,0.00,0.00,0.00,0.00,"__init__.py",
"pygame.sprite.AbstractGroup",1,0.00,0.00,0.01,0.01,"sprite.py",
"tarfile._Stream",1,0.00,0.00,0.01,0.01,"tarfile.py",
"._declare_state",4,0.00,0.00,0.00,0.00,"__init__.py",
"socket.SocketIO",1,0.00,0.00,0.01,0.01,"socket.py",
"base64.<listcomp>",1,0.00,0.00,0.01,0.01,"base64.py",
"calendar.Calendar",1,0.00,0.00,0.01,0.01,"calendar.py",
"divmod",45,0.00,0.00,0.00,0.00,"builtins",
"queue.Queue",1,0.00,0.00,0.01,0.01,"queue.py",
".ZipProvider",1,0.00,0.00,0.01,0.01,"__init__.py",
"subprocess.Popen",1,0.00,0.00,0.01,0.01,"subprocess.py",
"pygame.compat.geterror",3,0.00,0.00,0.00,0.00,"compat.py",
"urllib.parse._NetlocResultMixinBase",1,0.00,0.00,0.01,0.01,"parse.py",
"version._parse_letter_version",18,0.00,0.00,0.00,0.00,"version.py",
"calendar.<listcomp>",1,0.00,0.00,0.01,0.01,"calendar.py",
"setattr",32,0.00,0.00,0.00,0.00,"builtins",
"socket.socket",1,0.00,0.00,0.01,0.01,"socket.py",
"specifiers.SpecifierSet",1,0.00,0.00,0.01,0.01,"specifiers.py",
".EntryPoint",1,0.00,0.00,0.45,0.01,"__init__.py",
".NullProvider",1,0.00,0.00,0.01,0.01,"__init__.py",
"tempfile._TemporaryFileWrapper",1,0.00,0.00,0.01,0.01,"tempfile.py",
"zipfile.ZipFile.close",2,0.00,0.00,0.01,0.00,"zipfile.py",
"base64.<listcomp>",1,0.00,0.00,0.01,0.01,"base64.py",
"_weakrefset._IterationGuard.__enter__",7,0.00,0.00,0.00,0.00,"_weakrefset.py",
"pkgutil.simplegeneric",1,0.00,0.00,0.01,0.01,"pkgutil.py",
".WorkingSet",1,0.00,0.00,0.01,0.01,"__init__.py",
"dict.copy",1,0.00,0.00,0.01,0.01,"Unidentifiable Method",
"<string>.__new__",6,0.00,0.00,0.00,0.00,"(string)",
"pygame.sprite.DirtySprite",1,0.00,0.00,0.01,0.01,"sprite.py",
"racing-game-fixed.Camera.__init__",1,0.00,0.00,0.01,0.01,"racing-game-fixed.py",
"tarfile.ExFileObject",1,0.00,0.00,0.01,0.01,"tarfile.py",
"_thread.lock.acquire",2,0.00,0.00,0.00,0.00,"Unidentifiable Method",
"str.lstrip",15,0.00,0.00,0.00,0.00,"Unidentifiable Method",
"issubclass",8,0.00,0.00,0.03,0.00,"builtins",
"email.feedparser.FeedParser",1,0.00,0.00,0.00,0.00,"feedparser.py",
"_abcoll.update",1,0.00,0.00,0.53,0.00,"_abcoll.py",
"set.add",36,0.00,0.00,0.00,0.00,"Unidentifiable Method",
"_weakrefset.WeakSet._commit_removals",7,0.00,0.00,0.00,0.00,"_weakrefset.py",
"pygame.sprite.LayeredUpdates",1,0.00,0.00,0.00,0.00,"sprite.py",
"racing-game-fixed.GameObject",1,0.00,0.00,0.00,0.00,"racing-game-fixed.py",
"pygame.sprite.GroupSingle",1,0.00,0.00,0.00,0.00,"sprite.py",
"urllib.parse._fix_result_transcoding",1,0.00,0.00,0.00,0.00,"parse.py",
".MemoizedZipManifests",1,0.01,0.00,7.44,0.00,"__init__.py",
"specifiers._IndividualSpecifier",1,0.00,0.00,0.01,0.00,"specifiers.py",
"pkgutil.ImpImporter.__init__",10,0.00,0.00,0.00,0.00,"pkgutil.py",
"version.LegacyVersion",1,0.00,0.00,0.00,0.00,"version.py",
"datetime._days_before_year",3,0.00,0.00,0.00,0.00,"datetime.py",
"email.feedparser.BufferedSubFile",1,0.00,0.00,0.00,0.00,"feedparser.py",
"pygame.sprite.Sprite",1,0.00,0.00,0.00,0.00,"sprite.py",
".DistInfoDistribution",1,0.00,0.00,0.22,0.00,"__init__.py",
".ResourceManager",1,0.00,0.00,0.00,0.00,"__init__.py",
"FileMetadata.__init__",6,0.00,0.00,0.00,0.00,"__init__.py",
"NullProvider.__init__",2,0.00,0.00,0.02,0.00,"__init__.py",
"frozenset.__contains__",26,0.00,0.00,0.00,0.00,"Unidentifiable Method",
"specifiers.LegacySpecifier",1,0.00,0.00,0.84,0.00,"specifiers.py",
"email._parseaddr.AddrlistClass",1,0.00,0.00,0.00,0.00,"_parseaddr.py",
".DistributionNotFound",1,0.00,0.00,0.00,0.00,"__init__.py",
"plistlib.PlistParser",1,0.00,0.00,0.00,0.00,"plistlib.py",
"platform._popen",1,0.00,0.00,0.00,0.00,"platform.py",
"sys.exc_info",7,0.00,0.00,0.00,0.00,"sys",
"racing-game-fixed.Game",1,0.00,0.00,0.00,0.00,"racing-game-fixed.py",
"datetime.__new__",2,0.00,0.00,0.01,0.00,"datetime.py",
"ntpath.dirname",6,0.00,0.00,0.01,0.00,"ntpath.py",
"zipfile._EndRecData64",1,0.00,0.00,0.02,0.00,"zipfile.py",
"calendar.TextCalendar",1,0.00,0.00,0.00,0.00,"calendar.py",
"pkgutil.ImpLoader",1,0.00,0.00,0.00,0.00,"pkgutil.py",
"racing-game-fixed.CollisionSolver",1,0.00,0.00,0.00,0.00,"racing-game-fixed.py",
"__future__._Feature.__init__",8,0.00,0.00,0.00,0.00,"__future__.py",
"email.header._Accumulator",1,0.00,0.00,0.00,0.00,"header.py",
"email.charset.Charset",1,0.00,0.00,0.00,0.00,"charset.py",
"math.exp",1,0.00,0.00,0.00,0.00,"math",
".VersionConflict",1,0.00,0.00,0.00,0.00,"__init__.py",
"_weakrefset._IterationGuard.__init__",7,0.00,0.00,0.00,0.00,"_weakrefset.py",
"calendar.HTMLCalendar",1,0.00,0.00,0.00,0.00,"calendar.py",
"threading._Verbose.__init__",4,0.00,0.00,0.00,0.00,"threading.py",
"zipfile.ZipInfo",1,0.00,0.00,0.00,0.00,"zipfile.py",
"urllib.parse._NetlocResultMixinStr",1,0.00,0.00,0.00,0.00,"parse.py",
"email (module)",1,0.00,0.00,0.00,0.00,"__init__.py",
"Constants (module)",1,0.00,0.00,0.00,0.00,"Constants.py",
"string.Formatter",1,0.00,0.00,0.00,0.00,"string.py",
"ntpath._get_special",15,0.00,0.00,0.00,0.00,"ntpath.py",
"sys._getframe",5,0.00,0.00,0.00,0.00,"sys",
".Requirement",1,0.00,0.00,0.00,0.00,"__init__.py",
"datetime._check_time_fields",4,0.00,0.00,0.00,0.00,"datetime.py",
"email.header._ValueFormatter",1,0.00,0.00,0.00,0.00,"header.py",
"pygame.threads.WorkerQueue",1,0.00,0.00,0.00,0.00,"__init__.py",
"queue.PriorityQueue",1,0.00,0.00,0.00,0.00,"queue.py",
"urllib.parse._NetlocResultMixinBytes",1,0.00,0.00,0.00,0.00,"parse.py",
"email.quoprimime._body_accumulator",1,0.00,0.00,0.00,0.00,"quoprimime.py",
"ZipProvider._zipinfo_name",3,0.00,0.00,0.00,0.00,"__init__.py",
"array.array.tolist",3,0.00,0.00,0.00,0.00,"Unidentifiable Method",
"threading._Condition",1,0.00,0.00,0.00,0.00,"threading.py",
"threading._RLock",1,0.00,0.00,0.00,0.00,"threading.py",
"._SetuptoolsVersionMixin",1,0.00,0.00,0.00,0.00,"__init__.py",
"pygame.sprite.LayeredDirty",1,0.00,0.00,0.00,0.00,"sprite.py",
"sys.getwindowsversion",2,0.00,0.00,0.00,0.00,"sys",
"email.header.Header",1,0.00,0.00,0.00,0.00,"header.py",
"string.Template",1,0.00,0.00,0.00,0.00,"string.py",
"pygame.cursors (module)",1,0.00,0.00,0.00,0.00,"cursors.py",
"tarfile._BZ2Proxy",1,0.00,0.00,0.00,0.00,"tarfile.py",
"tarfile._LowLevelFile",1,0.00,0.00,0.00,0.00,"tarfile.py",
"set.union",1,0.00,0.00,0.00,0.00,"Unidentifiable Method",
"functools.lru_cache",1,0.00,0.00,0.00,0.00,"functools.py",
"subprocess.CalledProcessError",1,0.00,0.00,0.00,0.00,"subprocess.py",
"plistlib.Data",1,0.00,0.00,0.00,0.00,"plistlib.py",
"tarfile._FileInFile",1,0.00,0.00,0.00,0.00,"tarfile.py",
".ContextualVersionConflict",1,0.00,0.00,0.00,0.00,"__init__.py",
"racing-game-fixed.AnimatedTexture",1,0.00,0.00,0.00,0.00,"racing-game-fixed.py",
"pygame.MissingModule",1,0.00,0.00,0.00,0.00,"__init__.py",
"racing-game-fixed.Texture",1,0.00,0.00,0.00,0.00,"racing-game-fixed.py",
"random.SystemRandom",1,0.00,0.00,0.00,0.00,"random.py",
"racing-game-fixed.Car",1,0.00,0.00,0.00,0.00,"racing-game-fixed.py",
"plistlib.DumbXMLWriter",1,0.00,0.00,0.00,0.00,"plistlib.py",
"plistlib.PlistWriter",1,0.00,0.00,0.00,0.00,"plistlib.py",
"multiprocessing.util.Finalize",1,0.00,0.00,0.00,0.00,"util.py",
"datetime._days_in_month",4,0.00,0.00,0.00,0.00,"datetime.py",
"datetime.tzinfo",1,0.00,0.00,0.00,0.00,"datetime.py",
"abc.abstractmethod",6,0.00,0.00,0.00,0.00,"abc.py",
"warnings.catch_warnings",1,0.00,0.00,0.00,0.00,"warnings.py",
"plistlib.Plist",1,0.00,0.00,0.00,0.00,"plistlib.py",
".IResourceProvider",1,0.00,0.00,0.00,0.00,"__init__.py",
"threading._Event",1,0.00,0.00,0.00,0.00,"threading.py",
"email._parseaddr.AddressList",1,0.00,0.00,0.00,0.00,"_parseaddr.py",
"racing-game-fixed.GUI",1,0.00,0.00,0.00,0.00,"racing-game-fixed.py",
"threading.Thread._set_ident",1,0.00,0.00,0.00,0.00,"threading.py",
".IMetadataProvider",1,0.00,0.00,0.00,0.00,"__init__.py",
"pygame.sprite.OrderedUpdates",1,0.00,0.00,0.00,0.00,"sprite.py",
"_structures.Infinity.__neg__",12,0.00,0.00,0.00,0.00,"_structures.py",
"datetime.timedelta.__neg__",1,0.00,0.00,0.02,0.00,"datetime.py",
"threading._Semaphore",1,0.00,0.00,0.00,0.00,"threading.py",
"datetime._create",3,0.00,0.00,0.00,0.00,"datetime.py",
"version.<genexpr>",6,0.00,0.00,0.00,0.00,"version.py",
"_structures.Infinity",1,0.00,0.00,0.00,0.00,"_structures.py",
"urllib.parse.Quoter",1,0.00,0.00,0.00,0.00,"parse.py",
"racing-game-fixed.PlayerCar",1,0.00,0.00,0.00,0.00,"racing-game-fixed.py",
"subprocess.STARTUPINFO",1,0.00,0.00,0.00,0.00,"subprocess.py",
"<string>.__new__",1,0.00,0.00,0.00,0.00,"(string)",
"WorkingSet._added_new",4,0.00,0.00,0.00,0.00,"__init__.py",
"genericpath.exists",1,0.00,0.00,0.08,0.00,"genericpath.py",
"email.parser.Parser",1,0.00,0.00,0.00,0.00,"parser.py",
"pkgutil.ImpImporter",1,0.00,0.00,0.00,0.00,"pkgutil.py",
"array.array.tobytes",3,0.00,0.00,0.00,0.00,"Unidentifiable Method",
"_compat_pickle.<genexpr>",11,0.00,0.00,0.00,0.00,"_compat_pickle.py",
"tarfile._StreamProxy",1,0.00,0.00,0.00,0.00,"tarfile.py",
"__future__._Feature",1,0.00,0.00,0.00,0.00,"__future__.py",
"globals",14,0.00,0.00,0.00,0.00,"builtins",
"zipfile.PyZipFile",1,0.00,0.00,0.00,0.00,"zipfile.py",
"_compat.__new__",1,0.00,0.00,0.04,0.00,"_compat.py",
"math.log",2,0.00,0.00,0.00,0.00,"math",
"racing-game-fixed.Camera",1,0.00,0.00,0.00,0.00,"racing-game-fixed.py",
"urllib.parse._ResultMixinStr",1,0.00,0.00,0.00,0.00,"parse.py",
"type.fromkeys",4,0.00,0.00,0.00,0.00,"Unidentifiable Method",
"math.sqrt",1,0.00,0.00,0.00,0.00,"math",
"queue.LifoQueue",1,0.00,0.00,0.00,0.00,"queue.py",
"tarfile.TarIter",1,0.00,0.00,0.00,0.00,"tarfile.py",
"string._multimap",1,0.00,0.00,0.00,0.00,"string.py",
"version.<lambda>",10,0.00,0.00,0.00,0.00,"version.py",
"urllib.parse.DefragResult",1,0.00,0.00,0.00,0.00,"parse.py",
"email.parser.BytesParser",1,0.00,0.00,0.00,0.00,"parser.py",
"_abcoll.__subclasshook__",7,0.00,0.00,0.00,0.00,"_abcoll.py",
"pygame.threads.FuncResult",1,0.00,0.00,0.00,0.00,"__init__.py",
"version._parse_local_version",6,0.00,0.00,0.00,0.00,"version.py",
"threading._Verbose",1,0.00,0.00,0.00,0.00,"threading.py",
".DefaultProvider",1,0.00,0.00,0.00,0.00,"__init__.py",
"email.feedparser.BytesFeedParser",1,0.00,0.00,0.00,0.00,"feedparser.py",
".FileMetadata",1,0.00,0.00,0.00,0.00,"__init__.py",
".ContextualZipFile",1,0.00,0.00,0.00,0.00,"__init__.py",
"warnings.WarningMessage",1,0.00,0.00,0.00,0.00,"warnings.py",
"_structures.NegativeInfinity",1,0.00,0.00,0.00,0.00,"_structures.py",
"weakref.update",1,0.00,0.00,0.00,0.00,"weakref.py",
"ABCMeta.__subclasses__",7,0.00,0.00,0.00,0.00,"Unidentifiable Method",
"multiprocessing.util.ForkAwareLocal",1,0.00,0.00,0.00,0.00,"util.py",
"pygame.time.Clock",1,0.00,0.00,0.00,0.00,"pygame.time",
"version._BaseVersion",1,0.00,0.00,0.00,0.00,"version.py",
".register_loader_type",3,0.00,0.00,0.00,0.00,"__init__.py",
"calendar.LocaleHTMLCalendar",1,0.00,0.00,0.00,0.00,"calendar.py",
"email.parser.HeaderParser",1,0.00,0.00,0.00,0.00,"parser.py",
"urllib.parse._ResultMixinBytes",1,0.00,0.00,0.00,0.00,"parse.py",
"pygame.Surface.get_size",1,0.00,0.00,0.00,0.00,"Unidentifiable Method",
".EmptyProvider",1,0.00,0.00,0.00,0.00,"__init__.py",
"string._TemplateMetaclass",1,0.00,0.00,0.00,0.00,"string.py",
"copyreg.constructor",3,0.00,0.00,0.00,0.00,"copyreg.py",
"calendar.IllegalMonthError",1,0.00,0.00,0.00,0.00,"calendar.py",
"DefaultProvider.get_resource_stream",1,0.00,0.00,0.09,0.00,"__init__.py",
"racing-game-fixed.Explosion",1,0.00,0.00,0.00,0.00,"racing-game-fixed.py",
"_thread.lock.release",1,0.00,0.00,0.00,0.00,"Unidentifiable Method",
"_hashlib.openssl_md5",1,0.00,0.00,0.00,0.00,"_hashlib",
"calendar.LocaleTextCalendar",1,0.00,0.00,0.00,0.00,"calendar.py",
"racing-game-fixed.Sprite",1,0.00,0.00,0.00,0.00,"racing-game-fixed.py",
"shutil.Error",1,0.00,0.00,0.00,0.00,"shutil.py",
"str.isdigit",26,0.00,0.00,0.00,0.00,"Unidentifiable Method",
"racing-game-fixed.Road",1,0.00,0.00,0.00,0.00,"racing-game-fixed.py",
"racing-game-fixed.NormalCar",1,0.00,0.00,0.00,0.00,"racing-game-fixed.py",
"pkgutil.register",1,0.00,0.00,0.00,0.00,"pkgutil.py",
".ZipManifests",1,0.00,0.00,0.00,0.00,"__init__.py",
"threading._Timer",1,0.00,0.00,0.00,0.00,"threading.py",
"tarfile.TarError",1,0.00,0.00,0.00,0.00,"tarfile.py",
"threading._Condition._is_owned",1,0.00,0.00,0.00,0.00,"threading.py",
"threading._DummyThread",1,0.00,0.00,0.00,0.00,"threading.py",
"property.setter",1,0.00,0.00,0.00,0.00,"Unknown",
"pygame.sprite.collide_rect_ratio",1,0.00,0.00,0.00,0.00,"sprite.py",
"calendar._localized_day.__init__",2,0.00,0.00,0.00,0.00,"calendar.py",
"locals",1,0.00,0.00,0.00,0.00,"builtins",
"pygame.sprite.collide_circle_ratio",1,0.00,0.00,0.00,0.00,"sprite.py",
"type.from_bytes",1,0.00,0.00,0.00,0.00,"Unidentifiable Method",
"_io.BufferedReader.tell",1,0.00,0.00,0.00,0.00,"Unidentifiable Method",
"subprocess.pywintypes",1,0.00,0.00,0.00,0.00,"subprocess.py",
"calendar.different_locale",1,0.00,0.00,0.00,0.00,"calendar.py",
"types._C",1,0.00,0.00,0.00,0.00,"types.py",
"os.check_str",1,0.00,0.00,0.00,0.00,"os.py",
"copy.Error",1,0.00,0.00,0.00,0.00,"copy.py",
"email.errors.MessageDefect",1,0.00,0.00,0.00,0.00,"errors.py",
"warnings._processoptions",1,0.00,0.00,0.00,0.00,"warnings.py",
"plistlib._InternalDict",1,0.00,0.00,0.00,0.00,"plistlib.py",
"multiprocessing.process.AuthenticationString",1,0.00,0.00,0.00,0.00,"process.py",
"copy._EmptyClass",1,0.00,0.00,0.00,0.00,"copy.py",
"plistlib.Dict",1,0.00,0.00,0.00,0.00,"plistlib.py",
"calendar._localized_month.__init__",2,0.00,0.00,0.00,0.00,"calendar.py",
"threading._MainThread",1,0.00,0.00,0.00,0.00,"threading.py",
"pygame.sprite.Group",1,0.00,0.00,0.00,0.00,"sprite.py",
"pygame.sprite.RenderUpdates",1,0.00,0.00,0.00,0.00,"sprite.py",
"threading._BoundedSemaphore",1,0.00,0.00,0.00,0.00,"threading.py",
"urllib.parse.ParseResult",1,0.00,0.00,0.00,0.00,"parse.py",
"urllib.parse.SplitResult",1,0.00,0.00,0.00,0.00,"parse.py",
"sre_parse.Tokenizer.tell",3,0.00,0.00,0.00,0.00,"sre_parse.py",
"types._g",1,0.00,0.00,0.00,0.00,"types.py",
"warnings._OptionError",1,0.00,0.00,0.00,0.00,"warnings.py",
"urllib.parse.SplitResultBytes",1,0.00,0.00,0.00,0.00,"parse.py",
"shutil.SpecialFileError",1,0.00,0.00,0.00,0.00,"shutil.py",
"multiprocessing.process._MainProcess",1,0.00,0.00,0.00,0.00,"process.py",
"calendar.IllegalWeekdayError",1,0.00,0.00,0.00,0.00,"calendar.py",
"queue.Empty",1,0.00,0.00,0.00,0.00,"queue.py",
"multiprocessing.util.ForkAwareThreadLock",1,0.00,0.00,0.00,0.00,"util.py",
"uu.Error",1,0.00,0.00,0.00,0.00,"uu.py",
"tarfile.StreamError",1,0.00,0.00,0.00,0.00,"tarfile.py",
"urllib.parse.ParseResultBytes",1,0.00,0.00,0.00,0.00,"parse.py",
"urllib.parse.DefragResultBytes",1,0.00,0.00,0.00,0.00,"parse.py",
"calendar.Calendar.setfirstweekday",1,0.00,0.00,0.00,0.00,"calendar.py",
"email.errors.MessageError",1,0.00,0.00,0.00,0.00,"errors.py",
"datetime._check_tzinfo_arg",4,0.00,0.00,0.00,0.00,"datetime.py",
"zipfile.ZipFile.__del__",1,0.00,0.00,0.00,0.00,"zipfile.py",
"pickle._Stop",1,0.00,0.00,0.00,0.00,"pickle.py",
"shutil.ExecError",1,0.00,0.00,0.00,0.00,"shutil.py",
".RequirementParseError",1,0.00,0.00,0.00,0.00,"__init__.py",
"tarfile.TruncatedHeaderError",1,0.00,0.00,0.00,0.00,"tarfile.py",
"pickle.PickleError",1,0.00,0.00,0.00,0.00,"pickle.py",
"pygame.version (module)",1,0.00,0.00,0.00,0.00,"version.py",
"sre_parse.isdigit",2,0.00,0.00,0.00,0.00,"sre_parse.py",
".ResolutionError",1,0.00,0.00,0.00,0.00,"__init__.py",
"racing-game-fixed.Lane",1,0.00,0.00,0.00,0.00,"racing-game-fixed.py",
"zipfile.LargeZipFile",1,0.00,0.00,0.00,0.00,"zipfile.py",
".EggProvider",1,0.00,0.00,0.00,0.00,"__init__.py",
"queue.Full",1,0.00,0.00,0.00,0.00,"queue.py",
"tarfile.ExtractError",1,0.00,0.00,0.00,0.00,"tarfile.py",
"shutil.ReadError",1,0.00,0.00,0.00,0.00,"shutil.py",
"zipfile.BadZipFile",1,0.00,0.00,0.00,0.00,"zipfile.py",
"email.errors.HeaderParseError",1,0.00,0.00,0.00,0.00,"errors.py",
"email.errors.MultipartInvariantViolationDefect",1,0.00,0.00,0.00,0.00,"errors.py",
"multiprocessing.BufferTooShort",1,0.00,0.00,0.00,0.00,"__init__.py",
"email.errors.MultipartConversionError",1,0.00,0.00,0.00,0.00,"errors.py",
"email.errors.NoBoundaryInMultipartDefect",1,0.00,0.00,0.00,0.00,"errors.py",
"email.errors.FirstHeaderLineIsContinuationDefect",1,0.00,0.00,0.00,0.00,"errors.py",
"shutil.RegistryError",1,0.00,0.00,0.00,0.00,"shutil.py",
"email.errors.MessageParseError",1,0.00,0.00,0.00,0.00,"errors.py",
"pickle.PicklingError",1,0.00,0.00,0.00,0.00,"pickle.py",
"email.errors.BoundaryError",1,0.00,0.00,0.00,0.00,"errors.py",
"ResourceManager.__init__",1,0.00,0.00,0.00,0.00,"__init__.py",
"email.errors.MalformedHeaderDefect",1,0.00,0.00,0.00,0.00,"errors.py",
"tarfile.SubsequentHeaderError",1,0.00,0.00,0.00,0.00,"tarfile.py",
"tarfile.ReadError",1,0.00,0.00,0.00,0.00,"tarfile.py",
"multiprocessing.TimeoutError",1,0.00,0.00,0.00,0.00,"__init__.py",
"callable",6,0.00,0.00,0.00,0.00,"builtins",
"multiprocessing.AuthenticationError",1,0.00,0.00,0.00,0.00,"__init__.py",
"atexit.register",1,0.00,0.00,0.00,0.00,"atexit",
"email.errors.CharsetError",1,0.00,0.00,0.00,0.00,"errors.py",
"email.errors.MisplacedEnvelopeHeaderDefect",1,0.00,0.00,0.00,0.00,"errors.py",
"tarfile.CompressionError",1,0.00,0.00,0.00,0.00,"tarfile.py",
".EggMetadata",1,0.00,0.00,0.00,0.00,"__init__.py",
"specifiers.InvalidSpecifier",1,0.00,0.00,0.00,0.00,"specifiers.py",
"multiprocessing.ProcessError",1,0.00,0.00,0.00,0.00,"__init__.py",
"email.errors.StartBoundaryNotFoundDefect",1,0.00,0.00,0.00,0.00,"errors.py",
"pickle.UnpicklingError",1,0.00,0.00,0.00,0.00,"pickle.py",
"_compat.metaclass",1,0.00,0.00,0.00,0.00,"_compat.py",
"tarfile.EmptyHeaderError",1,0.00,0.00,0.00,0.00,"tarfile.py",
"tarfile.InvalidHeaderError",1,0.00,0.00,0.00,0.00,"tarfile.py",
"str.upper",1,0.00,0.00,0.00,0.00,"Unidentifiable Method",
"sre_parse.Tokenizer.seek",1,0.00,0.00,0.00,0.00,"sre_parse.py",
".register_finder",3,0.00,0.00,0.00,0.00,"__init__.py",
"tarfile.HeaderError",1,0.00,0.00,0.00,0.00,"tarfile.py",
".ExtractionError",1,0.00,0.00,0.00,0.00,"__init__.py",
"_weakref.proxy",1,0.00,0.00,0.00,0.00,"_weakref",
"threading._Verbose._note",1,0.00,0.00,0.00,0.00,"threading.py",
".PEP440Warning",1,0.00,0.00,0.00,0.00,"__init__.py",
"list.insert",1,0.00,0.00,0.00,0.00,"Unidentifiable Method",
".register_namespace_handler",3,0.00,0.00,0.00,0.00,"__init__.py",
"tarfile.EOFHeaderError",1,0.00,0.00,0.00,0.00,"tarfile.py",
"FileMetadata.has_metadata",3,0.00,0.00,0.00,0.00,"__init__.py",
".PathMetadata",1,0.00,0.00,0.00,0.00,"__init__.py",
"threading.BrokenBarrierError",1,0.00,0.00,0.00,0.00,"threading.py",
"imp.acquire_lock",4,0.00,0.00,0.00,0.00,"imp",
"version.InvalidVersion",1,0.00,0.00,0.00,0.00,"version.py",
".find_nothing",2,0.00,0.00,0.00,0.00,"__init__.py",
".UnknownExtra",1,0.00,0.00,0.00,0.00,"__init__.py",
"_hashlib.openssl_sha1",1,0.00,0.00,0.00,0.00,"_hashlib",
"_hashlib.openssl_sha224",1,0.00,0.00,0.00,0.00,"_hashlib",
"urllib (module)",1,0.00,0.00,0.00,0.00,"__init__.py",
"_hashlib.openssl_sha384",1,0.00,0.00,0.00,0.00,"_hashlib",
".SetuptoolsLegacyVersion",1,0.00,0.00,0.00,0.00,"__init__.py",
".SetuptoolsVersion",1,0.00,0.00,0.00,0.00,"__init__.py",
"zipfile.ZipFile.__enter__",1,0.00,0.00,0.00,0.00,"zipfile.py",
"set.remove",7,0.00,0.00,0.00,0.00,"Unidentifiable Method",
"threading._MainThread._set_daemon",1,0.00,0.00,0.00,0.00,"threading.py",
" (module)",1,0.00,0.00,0.00,0.00,"__init__.py",
"_hashlib.openssl_sha256",1,0.00,0.00,0.00,0.00,"_hashlib",
"EmptyProvider.__init__",1,0.00,0.00,0.00,0.00,"__init__.py",
"_hashlib.openssl_sha512",1,0.00,0.00,0.00,0.00,"_hashlib",
"datetime.date.toordinal",1,0.00,0.00,0.00,0.00,"Unidentifiable Method",
"_thread.get_ident",1,0.00,0.00,0.00,0.00,"_thread",
"imp.release_lock",4,0.00,0.00,0.00,0.00,"imp",
